{
    "$schema": "https://schema.management.azure.com/schemas/2015-01-01/deploymentParameters.json#",
    "contentVersion": "1.0.0.0",
    "parameters": {
        "workflows_GetdatafromLogAnalytics_name": {
            "value": null
        },
        "connections_azuremonitorlogs_2_externalid": {
            "value": null
        },
        "connections_sql_3_externalid": {
            "value": null
        },
        "connections_sql_4_externalid": {
            "value": null
        }
    }
}