{
    "$schema": "https://schema.management.azure.com/schemas/2015-01-01/deploymentTemplate.json#",
    "contentVersion": "1.0.0.0",
    "parameters": {
        "workflows_GetdatafromLogAnalytics_name": {
            "defaultValue": "GetdatafromLogAnalytics",
            "type": "String"
        },
        "connections_azuremonitorlogs_2_externalid": {
            "defaultValue": "/subscriptions/de70c3f9-7ed1-4569-bdf4-bb21f4438f73/resourceGroups/myfirstresourcegroupusaeast/providers/Microsoft.Web/connections/azuremonitorlogs-2",
            "type": "String"
        },
        "connections_sql_3_externalid": {
            "defaultValue": "/subscriptions/de70c3f9-7ed1-4569-bdf4-bb21f4438f73/resourceGroups/myfirstresourcegroupusaeast/providers/Microsoft.Web/connections/sql-3",
            "type": "String"
        },
        "connections_sql_4_externalid": {
            "defaultValue": "/subscriptions/de70c3f9-7ed1-4569-bdf4-bb21f4438f73/resourceGroups/myfirstresourcegroupusaeast/providers/Microsoft.Web/connections/sql-4",
            "type": "String"
        }
    },
    "variables": {},
    "resources": [
        {
            "type": "Microsoft.Logic/workflows",
            "apiVersion": "2017-07-01",
            "name": "[parameters('workflows_GetdatafromLogAnalytics_name')]",
            "location": "centralindia",
            "properties": {
                "state": "Enabled",
                "definition": {
                    "$schema": "https://schema.management.azure.com/providers/Microsoft.Logic/schemas/2016-06-01/workflowdefinition.json#",
                    "contentVersion": "1.0.0.0",
                    "parameters": {
                        "$connections": {
                            "defaultValue": {},
                            "type": "Object"
                        }
                    },
                    "staticResults": {
                        "Run_query_and_list_results0": {
                            "status": "Succeeded",
                            "outputs": {
                                "headers": {},
                                "statusCode": "OK"
                            }
                        }
                    },
                    "triggers": {
                        "manual": {
                            "type": "Request",
                            "kind": "Http",
                            "inputs": {
                                "schema": {}
                            }
                        }
                    },
                    "actions": {
                        "For_each": {
                            "foreach": "@body('Run_query_and_list_results')?['value']",
                            "actions": {
                                "Condition": {
                                    "actions": {
                                        "Insert_row_(V2)": {
                                            "runAfter": {},
                                            "type": "ApiConnection",
                                            "inputs": {
                                                "body": {
                                                    "DayKey": "@{utcNow()}",
                                                    "Pipeliname": "@items('For_each')?['PipelineName']",
                                                    "PipelineRunId": "@items('For_each')?['RunId']",
                                                    "RefreshEndDate": "@items('For_each')?['End']",
                                                    "RefreshStartDate": "@items('For_each')?['Start']",
                                                    "TriggerType": "Manual"
                                                },
                                                "host": {
                                                    "connection": {
                                                        "name": "@parameters('$connections')['sql']['connectionId']"
                                                    }
                                                },
                                                "method": "post",
                                                "path": "/v2/datasets/@{encodeURIComponent(encodeURIComponent('default'))},@{encodeURIComponent(encodeURIComponent('default'))}/tables/@{encodeURIComponent(encodeURIComponent('[dbo].[SlaTrackerDetails]'))}/items"
                                            }
                                        }
                                    },
                                    "runAfter": {},
                                    "expression": {
                                        "and": [
                                            {
                                                "contains": [
                                                    "@items('For_each')?['Predecessors']",
                                                    "Manual"
                                                ]
                                            }
                                        ]
                                    },
                                    "type": "If"
                                }
                            },
                            "runAfter": {
                                "Run_query_and_list_results": [
                                    "Succeeded"
                                ]
                            },
                            "type": "Foreach"
                        },
                        "For_each_2": {
                            "foreach": "@body('Run_query_and_list_results')?['value']",
                            "actions": {
                                "Condition_2": {
                                    "actions": {
                                        "Insert_row_(V2)_2": {
                                            "runAfter": {},
                                            "type": "ApiConnection",
                                            "inputs": {
                                                "body": {
                                                    "DayKey": "@{utcNow()}",
                                                    "Pipeliname": "@items('For_each_2')?['PipelineName']",
                                                    "PipelineRunId": "@items('For_each_2')?['RunId']",
                                                    "RefreshEndDate": "@items('For_each_2')?['End']",
                                                    "RefreshStartDate": "@items('For_each_2')?['Start']",
                                                    "TriggerType": "Scheduled"
                                                },
                                                "host": {
                                                    "connection": {
                                                        "name": "@parameters('$connections')['sql_2']['connectionId']"
                                                    }
                                                },
                                                "method": "post",
                                                "path": "/v2/datasets/@{encodeURIComponent(encodeURIComponent('default'))},@{encodeURIComponent(encodeURIComponent('default'))}/tables/@{encodeURIComponent(encodeURIComponent('[dbo].[SlaTrackerDetails]'))}/items"
                                            }
                                        }
                                    },
                                    "runAfter": {},
                                    "expression": {
                                        "and": [
                                            {
                                                "not": {
                                                    "contains": [
                                                        "@items('For_each_2')?['Predecessors']",
                                                        "Manual"
                                                    ]
                                                }
                                            }
                                        ]
                                    },
                                    "type": "If"
                                }
                            },
                            "runAfter": {
                                "Run_query_and_list_results": [
                                    "Succeeded"
                                ]
                            },
                            "type": "Foreach"
                        },
                        "Run_query_and_list_results": {
                            "runAfter": {},
                            "type": "ApiConnection",
                            "inputs": {
                                "body": "ADFPipelineRun \n| where PipelineName in (\"adbexecptions\",\"FilePreValidationxls\")\n| where Status == \"Succeeded\"\n| where TimeGenerated > ago(1d)",
                                "host": {
                                    "connection": {
                                        "name": "@parameters('$connections')['azuremonitorlogs_1']['connectionId']"
                                    }
                                },
                                "method": "post",
                                "path": "/queryData",
                                "queries": {
                                    "resourcegroups": "myfirstresourcegroupusaeast",
                                    "resourcename": "acnloganalytics",
                                    "resourcetype": "Log Analytics Workspace",
                                    "subscriptions": "de70c3f9-7ed1-4569-bdf4-bb21f4438f73",
                                    "timerange": "1600h"
                                }
                            }
                        }
                    },
                    "outputs": {}
                },
                "parameters": {
                    "$connections": {
                        "value": {
                            "azuremonitorlogs_1": {
                                "connectionId": "[parameters('connections_azuremonitorlogs_2_externalid')]",
                                "connectionName": "azuremonitorlogs-2",
                                "id": "/subscriptions/de70c3f9-7ed1-4569-bdf4-bb21f4438f73/providers/Microsoft.Web/locations/centralindia/managedApis/azuremonitorlogs"
                            },
                            "sql": {
                                "connectionId": "[parameters('connections_sql_3_externalid')]",
                                "connectionName": "sql-3",
                                "id": "/subscriptions/de70c3f9-7ed1-4569-bdf4-bb21f4438f73/providers/Microsoft.Web/locations/centralindia/managedApis/sql"
                            },
                            "sql_2": {
                                "connectionId": "[parameters('connections_sql_4_externalid')]",
                                "connectionName": "sql-4",
                                "id": "/subscriptions/de70c3f9-7ed1-4569-bdf4-bb21f4438f73/providers/Microsoft.Web/locations/centralindia/managedApis/sql"
                            }
                        }
                    }
                }
            }
        }
    ]
}