{
    "$schema": "https://schema.management.azure.com/schemas/2015-01-01/deploymentParameters.json#",
    "contentVersion": "1.0.0.0",
    "parameters": {
        "workflows_mysecondlogicapp_name": {
            "value": null
        },
        "connections_azuredatafactory_externalid": {
            "value": null
        },
        "connections_office365_1_externalid": {
            "value": null
        },
        "connections_office365_2_externalid": {
            "value": null
        },
        "connections_sql_1_externalid": {
            "value": null
        }
    }
}