{
    "$schema": "https://schema.management.azure.com/schemas/2015-01-01/deploymentTemplate.json#",
    "contentVersion": "1.0.0.0",
    "parameters": {
        "workflows_mysecondlogicapp_name": {
            "defaultValue": "mysecondlogicapp",
            "type": "String"
        },
        "connections_azuredatafactory_externalid": {
            "defaultValue": "/subscriptions/de70c3f9-7ed1-4569-bdf4-bb21f4438f73/resourceGroups/myfirstresourcegroupusaeast/providers/Microsoft.Web/connections/azuredatafactory",
            "type": "String"
        },
        "connections_office365_1_externalid": {
            "defaultValue": "/subscriptions/de70c3f9-7ed1-4569-bdf4-bb21f4438f73/resourceGroups/myfirstresourcegroupusaeast/providers/Microsoft.Web/connections/office365-1",
            "type": "String"
        },
        "connections_office365_2_externalid": {
            "defaultValue": "/subscriptions/de70c3f9-7ed1-4569-bdf4-bb21f4438f73/resourceGroups/myfirstresourcegroupusaeast/providers/Microsoft.Web/connections/office365-2",
            "type": "String"
        },
        "connections_sql_1_externalid": {
            "defaultValue": "/subscriptions/de70c3f9-7ed1-4569-bdf4-bb21f4438f73/resourceGroups/myfirstresourcegroupusaeast/providers/Microsoft.Web/connections/sql-1",
            "type": "String"
        }
    },
    "variables": {},
    "resources": [
        {
            "type": "Microsoft.Logic/workflows",
            "apiVersion": "2017-07-01",
            "name": "[parameters('workflows_mysecondlogicapp_name')]",
            "location": "eastus",
            "properties": {
                "state": "Enabled",
                "definition": {
                    "$schema": "https://schema.management.azure.com/providers/Microsoft.Logic/schemas/2016-06-01/workflowdefinition.json#",
                    "contentVersion": "1.0.0.0",
                    "parameters": {
                        "$connections": {
                            "defaultValue": {},
                            "type": "Object"
                        }
                    },
                    "triggers": {
                        "manual": {
                            "type": "Request",
                            "kind": "Http",
                            "inputs": {
                                "schema": {}
                            }
                        }
                    },
                    "actions": {
                        "Create_a_pipeline_run": {
                            "runAfter": {},
                            "type": "ApiConnection",
                            "inputs": {
                                "host": {
                                    "connection": {
                                        "name": "@parameters('$connections')['azuredatafactory_1']['connectionId']"
                                    }
                                },
                                "method": "post",
                                "path": "/subscriptions/@{encodeURIComponent('fd9a515e-883b-4271-bdc0-164b504212a3')}/resourcegroups/@{encodeURIComponent('ACN.PROF.GRP')}/providers/Microsoft.DataFactory/factories/@{encodeURIComponent('acnuldf')}/pipelines/@{encodeURIComponent('FilePreValidation')}/CreateRun",
                                "queries": {
                                    "x-ms-api-version": "2017-09-01-preview"
                                }
                            }
                        },
                        "Delay": {
                            "runAfter": {
                                "Create_a_pipeline_run": [
                                    "Succeeded"
                                ]
                            },
                            "type": "Wait",
                            "inputs": {
                                "interval": {
                                    "count": 40,
                                    "unit": "Second"
                                }
                            }
                        },
                        "Delay_2": {
                            "runAfter": {
                                "Send_an_email_(V2)_2": [
                                    "Succeeded"
                                ]
                            },
                            "type": "Wait",
                            "inputs": {
                                "interval": {
                                    "count": 1,
                                    "unit": "Minute"
                                }
                            }
                        },
                        "Delay_3": {
                            "runAfter": {
                                "Get_emails_(V3)": [
                                    "Succeeded"
                                ]
                            },
                            "type": "Wait",
                            "inputs": {
                                "interval": {
                                    "count": 1,
                                    "unit": "Minute"
                                }
                            }
                        },
                        "For_each": {
                            "foreach": "@body('Get_emails_(V3)')?['value']",
                            "actions": {
                                "Condition": {
                                    "actions": {
                                        "Execute_stored_procedure_(V2)": {
                                            "runAfter": {
                                                "Send_an_email_(V2)": [
                                                    "Succeeded"
                                                ]
                                            },
                                            "type": "ApiConnection",
                                            "inputs": {
                                                "body": {
                                                    "CreatedOn": "@{utcNow()}",
                                                    "pipelinename": "@body('Create_a_pipeline_run')?['runId']",
                                                    "runid": "@body('Create_a_pipeline_run')?['runId']",
                                                    "triggertype": "'Manual Run'"
                                                },
                                                "host": {
                                                    "connection": {
                                                        "name": "@parameters('$connections')['sql']['connectionId']"
                                                    }
                                                },
                                                "method": "post",
                                                "path": "/v2/datasets/@{encodeURIComponent(encodeURIComponent('default'))},@{encodeURIComponent(encodeURIComponent('default'))}/procedures/@{encodeURIComponent(encodeURIComponent('[dbo].[sp_Executiontype]'))}"
                                            }
                                        },
                                        "Send_an_email_(V2)": {
                                            "runAfter": {},
                                            "type": "ApiConnection",
                                            "inputs": {
                                                "body": {
                                                    "Body": "<p>@{body('Create_a_pipeline_run')?['runId']} was a manual run</p>",
                                                    "Subject": "@{body('Create_a_pipeline_run')?['runId']} was a manual run",
                                                    "To": "srinjoy.nath@accenture.com;vishal.b.jadhav@accenture.com"
                                                },
                                                "host": {
                                                    "connection": {
                                                        "name": "@parameters('$connections')['office365_2']['connectionId']"
                                                    }
                                                },
                                                "method": "post",
                                                "path": "/v2/Mail"
                                            }
                                        }
                                    },
                                    "runAfter": {},
                                    "else": {
                                        "actions": {
                                            "Execute_stored_procedure_(V2)_2": {
                                                "runAfter": {
                                                    "Send_an_email_(V2)_3": [
                                                        "Succeeded"
                                                    ]
                                                },
                                                "type": "ApiConnection",
                                                "inputs": {
                                                    "body": {
                                                        "CreatedOn": "@{utcNow()}",
                                                        "pipelinename": "@body('Create_a_pipeline_run')?['runId']",
                                                        "runid": "@body('Create_a_pipeline_run')?['runId']",
                                                        "triggertype": "'Adhoc Run'"
                                                    },
                                                    "host": {
                                                        "connection": {
                                                            "name": "@parameters('$connections')['sql']['connectionId']"
                                                        }
                                                    },
                                                    "method": "post",
                                                    "path": "/v2/datasets/@{encodeURIComponent(encodeURIComponent('default'))},@{encodeURIComponent(encodeURIComponent('default'))}/procedures/@{encodeURIComponent(encodeURIComponent('[dbo].[sp_Executiontype]'))}"
                                                }
                                            },
                                            "Send_an_email_(V2)_3": {
                                                "runAfter": {},
                                                "type": "ApiConnection",
                                                "inputs": {
                                                    "body": {
                                                        "Body": "<p>@{body('Create_a_pipeline_run')?['runId']} was not a manual run</p>",
                                                        "Subject": "@{body('Create_a_pipeline_run')?['runId']} was not a manual run",
                                                        "To": "srinjoy.nath@accenture.com;vishal.b.jadhav@accenture.com"
                                                    },
                                                    "host": {
                                                        "connection": {
                                                            "name": "@parameters('$connections')['office365']['connectionId']"
                                                        }
                                                    },
                                                    "method": "post",
                                                    "path": "/v2/Mail"
                                                }
                                            }
                                        }
                                    },
                                    "expression": {
                                        "and": [
                                            {
                                                "and": [
                                                    {
                                                        "contains": [
                                                            "@items('For_each')?['subject']",
                                                            "Re: Alert Cube refresh SLA failed"
                                                        ]
                                                    },
                                                    {
                                                        "contains": [
                                                            "@items('For_each')?['subject']",
                                                            "@body('Create_a_pipeline_run')?['runId']"
                                                        ]
                                                    },
                                                    {
                                                        "contains": [
                                                            "@items('For_each')?['body']",
                                                            "Manual run"
                                                        ]
                                                    }
                                                ]
                                            }
                                        ]
                                    },
                                    "type": "If"
                                }
                            },
                            "runAfter": {
                                "Delay_3": [
                                    "Succeeded"
                                ]
                            },
                            "type": "Foreach"
                        },
                        "Get_emails_(V3)": {
                            "runAfter": {
                                "Delay_2": [
                                    "Succeeded"
                                ]
                            },
                            "type": "ApiConnection",
                            "inputs": {
                                "host": {
                                    "connection": {
                                        "name": "@parameters('$connections')['office365_2']['connectionId']"
                                    }
                                },
                                "method": "get",
                                "path": "/v3/Mail",
                                "queries": {
                                    "fetchOnlyFlagged": false,
                                    "fetchOnlyUnread": false,
                                    "fetchOnlyWithAttachment": false,
                                    "folderPath": "Inbox",
                                    "importance": "Any",
                                    "includeAttachments": false,
                                    "subjectFilter": "'@{body('Create_a_pipeline_run')?['runId']}'",
                                    "top": 20
                                }
                            }
                        },
                        "Send_an_email_(V2)_2": {
                            "runAfter": {
                                "Delay": [
                                    "Succeeded"
                                ]
                            },
                            "type": "ApiConnection",
                            "inputs": {
                                "body": {
                                    "Body": "<p>Run id : &nbsp;'@{body('Create_a_pipeline_run')?['runId']}'<br>\n</p>",
                                    "Subject": "Alert Cube refresh SLA failed : pipeline run '@{body('Create_a_pipeline_run')?['runId']}' Reply with \"Manual run\", \"Ad hoc run\", \"Scheduled run\"",
                                    "To": "srinjoy.nath@accenture.com;vishal.b.jadhav@accenture.com"
                                },
                                "host": {
                                    "connection": {
                                        "name": "@parameters('$connections')['office365']['connectionId']"
                                    }
                                },
                                "method": "post",
                                "path": "/v2/Mail"
                            }
                        }
                    },
                    "outputs": {}
                },
                "parameters": {
                    "$connections": {
                        "value": {
                            "azuredatafactory_1": {
                                "connectionId": "[parameters('connections_azuredatafactory_externalid')]",
                                "connectionName": "azuredatafactory",
                                "id": "/subscriptions/de70c3f9-7ed1-4569-bdf4-bb21f4438f73/providers/Microsoft.Web/locations/eastus/managedApis/azuredatafactory"
                            },
                            "office365": {
                                "connectionId": "[parameters('connections_office365_1_externalid')]",
                                "connectionName": "office365-1",
                                "id": "/subscriptions/de70c3f9-7ed1-4569-bdf4-bb21f4438f73/providers/Microsoft.Web/locations/eastus/managedApis/office365"
                            },
                            "office365_2": {
                                "connectionId": "[parameters('connections_office365_2_externalid')]",
                                "connectionName": "office365-2",
                                "id": "/subscriptions/de70c3f9-7ed1-4569-bdf4-bb21f4438f73/providers/Microsoft.Web/locations/eastus/managedApis/office365"
                            },
                            "sql": {
                                "connectionId": "[parameters('connections_sql_1_externalid')]",
                                "connectionName": "sql-1",
                                "id": "/subscriptions/de70c3f9-7ed1-4569-bdf4-bb21f4438f73/providers/Microsoft.Web/locations/eastus/managedApis/sql"
                            }
                        }
                    }
                }
            }
        }
    ]
}