{
    "$schema": "https://schema.management.azure.com/schemas/2015-01-01/deploymentTemplate.json#",
    "contentVersion": "1.0.0.0",
    "parameters": {
        "workflows_myfirstlogicapp_name": {
            "defaultValue": "myfirstlogicapp",
            "type": "String"
        },
        "connections_azuredatafactory_externalid": {
            "defaultValue": "/subscriptions/de70c3f9-7ed1-4569-bdf4-bb21f4438f73/resourceGroups/myfirstresourcegroupusaeast/providers/Microsoft.Web/connections/azuredatafactory",
            "type": "String"
        },
        "connections_office365_externalid": {
            "defaultValue": "/subscriptions/de70c3f9-7ed1-4569-bdf4-bb21f4438f73/resourceGroups/myfirstresourcegroupusaeast/providers/Microsoft.Web/connections/office365",
            "type": "String"
        },
        "connections_sql_externalid": {
            "defaultValue": "/subscriptions/de70c3f9-7ed1-4569-bdf4-bb21f4438f73/resourceGroups/myfirstresourcegroupusaeast/providers/Microsoft.Web/connections/sql",
            "type": "String"
        }
    },
    "variables": {},
    "resources": [
        {
            "type": "Microsoft.Logic/workflows",
            "apiVersion": "2017-07-01",
            "name": "[parameters('workflows_myfirstlogicapp_name')]",
            "location": "eastus",
            "properties": {
                "state": "Enabled",
                "definition": {
                    "$schema": "https://schema.management.azure.com/providers/Microsoft.Logic/schemas/2016-06-01/workflowdefinition.json#",
                    "contentVersion": "1.0.0.0",
                    "parameters": {
                        "$connections": {
                            "defaultValue": {},
                            "type": "Object"
                        }
                    },
                    "staticResults": {
                        "exec0": {
                            "status": "Succeeded",
                            "outputs": {
                                "headers": {},
                                "statusCode": "OK"
                            }
                        }
                    },
                    "triggers": {
                        "manual": {
                            "type": "Request",
                            "kind": "Http",
                            "inputs": {
                                "schema": {}
                            }
                        }
                    },
                    "actions": {
                        "Condition": {
                            "actions": {
                                "Send_an_email_(V2)": {
                                    "runAfter": {},
                                    "type": "ApiConnection",
                                    "inputs": {
                                        "body": {
                                            "Body": "<p>Hi Devops team,<br>\n<br>\nFile name \"@{body('exec')?['ResultSets']?['Table1'][0]['filename']}\" DQ validation passed<br>\n<br>\nPipeline name : @{body('exec')?['ResultSets']?['Table1'][0]['pipelinename']}<br>\nPipeline Run id : @{body('exec')?['ResultSets']?['Table1'][0]['runid']}<br>\nFile Rows Read : &nbsp;@{body('exec')?['ResultSets']?['Table1'][0]['rowsread']}<br>\nFile rows validated : @{body('exec')?['ResultSets']?['Table1'][0]['validrows']}<br>\nFile invalid rows : &nbsp;@{body('exec')?['ResultSets']?['Table1'][0]['rowsskipped']}<br>\nDate and time of run : @{body('exec')?['ResultSets']?['Table1'][0]['createdon']}<br>\n<br>\nPlease take appropriate action<br>\n<br>\nThanks<br>\nValidation team&nbsp;</p>",
                                            "Subject": "File name \"@{body('exec')?['ResultSets']?['Table1'][0]['filename']}\" DQ validation passed",
                                            "To": "srinjoy.nath@accenture.com;vishal.b.jadhav@accenture.com"
                                        },
                                        "host": {
                                            "connection": {
                                                "name": "@parameters('$connections')['office365_1']['connectionId']"
                                            }
                                        },
                                        "method": "post",
                                        "path": "/v2/Mail"
                                    }
                                }
                            },
                            "runAfter": {
                                "Delay_2": [
                                    "Succeeded"
                                ]
                            },
                            "else": {
                                "actions": {
                                    "Send_an_email_(V2)_2": {
                                        "runAfter": {},
                                        "type": "ApiConnection",
                                        "inputs": {
                                            "body": {
                                                "Body": "<p>Hi Devops team,<br>\n<br>\nFile name \"@{body('exec')?['ResultSets']?['Table1'][0]['filename']}\" DQ validation failed<br>\n<br>\nPipeline name : @{body('exec')?['ResultSets']?['Table1'][0]['pipelinename']}<br>\nPipeline Run id : @{body('exec')?['ResultSets']?['Table1'][0]['runid']}<br>\nFile Rows Read : &nbsp;@{body('exec')?['ResultSets']?['Table1'][0]['rowsread']}<br>\nFile rows validated : @{body('exec')?['ResultSets']?['Table1'][0]['validrows']}<br>\nFile invalid rows : &nbsp;@{body('exec')?['ResultSets']?['Table1'][0]['rowsskipped']}<br>\nError message : @{body('exec')?['ResultSets']?['Table1'][0]['ErrorMessage']}<br>\nLog file path : &nbsp;@{body('exec')?['ResultSets']?['Table1'][0]['LogFilePath']}<br>\nDate and time of run : @{body('exec')?['ResultSets']?['Table1'][0]['createdon']}<br>\n<br>\nPlease take appropriate action on the failure.<br>\n<br>\nThanks<br>\nValidation team&nbsp;</p>",
                                                "Subject": "File name \"@{body('exec')?['ResultSets']?['Table1'][0]['filename']}\" DQ validation failed",
                                                "To": "srinjoy.nath@accenture.com;vishal.b.jadhav@accenture.com"
                                            },
                                            "host": {
                                                "connection": {
                                                    "name": "@parameters('$connections')['office365_1']['connectionId']"
                                                }
                                            },
                                            "method": "post",
                                            "path": "/v2/Mail"
                                        }
                                    }
                                }
                            },
                            "expression": {
                                "and": [
                                    {
                                        "equals": [
                                            "@body('exec')?['ResultSets']?['Table1'][0]['rowsskipped']",
                                            "0"
                                        ]
                                    }
                                ]
                            },
                            "type": "If"
                        },
                        "Create_a_pipeline_run": {
                            "runAfter": {},
                            "type": "ApiConnection",
                            "inputs": {
                                "host": {
                                    "connection": {
                                        "name": "@parameters('$connections')['azuredatafactory_1']['connectionId']"
                                    }
                                },
                                "method": "post",
                                "path": "/subscriptions/@{encodeURIComponent('fd9a515e-883b-4271-bdc0-164b504212a3')}/resourcegroups/@{encodeURIComponent('ACN.PROF.GRP')}/providers/Microsoft.DataFactory/factories/@{encodeURIComponent('acnuldf')}/pipelines/@{encodeURIComponent('FilePreValidationxls')}/CreateRun",
                                "queries": {
                                    "x-ms-api-version": "2017-09-01-preview"
                                }
                            }
                        },
                        "Delay": {
                            "runAfter": {
                                "Create_a_pipeline_run": [
                                    "Succeeded"
                                ]
                            },
                            "type": "Wait",
                            "inputs": {
                                "interval": {
                                    "count": 90,
                                    "unit": "Second"
                                }
                            }
                        },
                        "Delay_2": {
                            "runAfter": {
                                "exec": [
                                    "Succeeded"
                                ]
                            },
                            "type": "Wait",
                            "inputs": {
                                "interval": {
                                    "count": 20,
                                    "unit": "Second"
                                }
                            }
                        },
                        "exec": {
                            "runAfter": {
                                "Delay": [
                                    "Succeeded"
                                ]
                            },
                            "type": "ApiConnection",
                            "inputs": {
                                "body": {
                                    "query": "Select pipelinename, filename, rowsread, validrows, rowsskipped, ErrorMessage, LogFilePath, runid, createdon from [dbo].[ExecutionLogs] where runid='@{body('Create_a_pipeline_run')?['runId']}'"
                                },
                                "host": {
                                    "connection": {
                                        "name": "@parameters('$connections')['sql']['connectionId']"
                                    }
                                },
                                "method": "post",
                                "path": "/v2/datasets/@{encodeURIComponent(encodeURIComponent('default'))},@{encodeURIComponent(encodeURIComponent('default'))}/query/sql"
                            },
                            "runtimeConfiguration": {
                                "staticResult": {
                                    "staticResultOptions": "Disabled",
                                    "name": "exec0"
                                }
                            }
                        }
                    },
                    "outputs": {}
                },
                "parameters": {
                    "$connections": {
                        "value": {
                            "azuredatafactory_1": {
                                "connectionId": "[parameters('connections_azuredatafactory_externalid')]",
                                "connectionName": "azuredatafactory",
                                "id": "/subscriptions/de70c3f9-7ed1-4569-bdf4-bb21f4438f73/providers/Microsoft.Web/locations/eastus/managedApis/azuredatafactory"
                            },
                            "office365_1": {
                                "connectionId": "[parameters('connections_office365_externalid')]",
                                "connectionName": "office365",
                                "id": "/subscriptions/de70c3f9-7ed1-4569-bdf4-bb21f4438f73/providers/Microsoft.Web/locations/eastus/managedApis/office365"
                            },
                            "sql": {
                                "connectionId": "[parameters('connections_sql_externalid')]",
                                "connectionName": "sql",
                                "id": "/subscriptions/de70c3f9-7ed1-4569-bdf4-bb21f4438f73/providers/Microsoft.Web/locations/eastus/managedApis/sql"
                            }
                        }
                    }
                }
            }
        }
    ]
}